kind,round,order,iterations,baseline_ns,candidate_ns
ecdsa_p256_sign,0,BC,2000,36054864,33861097
ecdsa_p256_sign,1,CB,2000,37269685,36025540
ecdsa_p256_sign,2,BC,2000,36492570,39665462
ecdsa_p256_sign,3,CB,2000,35138824,36038249
ecdsa_p256_sign,4,BC,2000,37298539,37916391
ecdsa_p256_sign,5,CB,2000,34948977,36830655
ecdsa_p256_sign,6,BC,2000,34123132,37603308
ecdsa_p256_sign,7,CB,2000,37137923,37793736
ecdsa_p256_sign,8,BC,2000,36201876,36035455
ecdsa_p256_sign,9,CB,2000,36498933,34205417
ecdsa_p256_sign,10,BC,2000,37069845,38144674
ecdsa_p256_sign,11,CB,2000,37317578,38254160
ecdsa_p256_sign,12,BC,2000,37983222,36784185
ecdsa_p256_sign,13,CB,2000,37168213,37450149
ecdsa_p256_sign,14,BC,2000,38417456,36603502
ecdsa_p256_sign,15,CB,2000,36832808,36096316
ecdsa_p256_sign,16,BC,2000,37454935,36802321
ecdsa_p256_sign,17,CB,2000,36197509,35066716
ecdsa_p256_sign,18,BC,2000,35014827,35548020
ecdsa_p256_sign,19,CB,2000,35853981,34949768
ecdsa_p256_sign,20,BC,2000,52218311,35855594
ecdsa_p256_sign,21,CB,2000,35892419,35382401
ecdsa_p256_sign,22,BC,2000,37267644,36621028
ecdsa_p256_sign,23,CB,2000,34987456,35448590
ecdsa_p256_sign,24,BC,2000,36413205,41664556
ecdsa_p256_sign,25,CB,2000,36486615,37560259
ecdsa_p256_sign,26,BC,2000,34200529,35831508
ecdsa_p256_sign,27,CB,2000,36478534,37388985
ecdsa_p256_sign,28,BC,2000,38366415,37552788
ecdsa_p256_sign,29,CB,2000,34996139,38759051
ecdsa_p256_sign,30,BC,2000,34432218,34179447
